{
  "accuracy": 0.9930957683741648,
  "roc_auc": 0.9997372458353017,
  "avg_precision": 0.9997704081562839,
  "cv_f1_macro_mean": 0.989958268708196,
  "cv_f1_macro_std": 0.001840488767090435,
  "report": {
    "REAL": {
      "precision": 0.9913873370577281,
      "recall": 0.9941643323996265,
      "f1-score": 0.9927738927738927,
      "support": 4284.0
    },
    "FAKE": {
      "precision": 0.9946626814688301,
      "recall": 0.9921209540034072,
      "f1-score": 0.9933901918976545,
      "support": 4696.0
    },
    "accuracy": 0.9930957683741648,
    "macro avg": {
      "precision": 0.9930250092632791,
      "recall": 0.9931426432015169,
      "f1-score": 0.9930820423357736,
      "support": 8980.0
    },
    "weighted avg": {
      "precision": 0.9931001452263846,
      "recall": 0.9930957683741648,
      "f1-score": 0.9930961801553165,
      "support": 8980.0
    }
  }
}